author_id,author_name,author_name_normalized
60354244200,"Rahayu, Yanti","rahayu, yanti"
60354958100,"S.rita, Rauza","s.rita, rauza"
42961697600,"Ilmiawati, Ilmiawati","ilmiawati, ilmiawati"
56907002800,"Irawati, Nuzulia","irawati, nuzulia"
57218591344,"Almurdi, Almurdi","almurdi, almurdi"
60353840200,"Nurhidayah, Yayah","nurhidayah, yayah"
57219242546,"Gumiandari, Septi","gumiandari, septi"
60353840300,"Nafi'a, Ilman","nafi'a, ilman"
59485159200,"Nurhayati, Eti","nurhayati, eti"
57195963066,"Firdaus, Slamet","firdaus, slamet"
57200204789,"Azis, Rizal","azis, rizal"
37116204100,"Widowati, Wahyu","widowati, wahyu"
56075735500,"Gunanegara, Rimonta Febby","gunanegara, rimonta febby"
57194183016,"Kusuma, Hanna Sari Widya","kusuma, hanna sari widya"
59768563300,"Triharsiwi, Dwi Nur","triharsiwi, dwi nur"
59219811700,"Hadiprasetyo, Dhanar Septyawan","hadiprasetyo, dhanar septyawan"
57204844729,"Gondokesumo, Marisca Evalina","gondokesumo, marisca evalina"
60423694800,"Mars, Nicholas","mars, nicholas"
60354099100,"Sahara, Nita","sahara, nita"
6506701535,"Mudigdo, Ambar","mudigdo, ambar"
26968179100,"Wasita, Brian","wasita, brian"
57195310832,"Pamungkasari, Eti P.","pamungkasari, eti p."
6507529788,"Dirgahayu, Paramasari","dirgahayu, paramasari"
57211905299,"Cilmiaty, Risya","cilmiaty, risya"
55613532100,"Yani, Mohammad","yani, mohammad"
58835546300,"Setiawan, Wawan","setiawan, wawan"
60278177300,"Frihatmawati, Rizky","frihatmawati, rizky"
60278177400,"Atmamudin, Wali","atmamudin, wali"
57201501881,"Mustamiin, Muhamad","mustamiin, muhamad"
59669668100,Rendi,rendi
58760837600,"Mulyani, Esti","mulyani, esti"
60277273200,"Muhamad, Fachrul Pralienka Bani","muhamad, fachrul pralienka bani"
23467371600,"Krisnadhi, Adila Alfa","krisnadhi, adila alfa"
14021131100,"Budi, Indra","budi, indra"
6701505999,"Setiawan, Agus","setiawan, agus"
35183934100,"Puspitasari, Poppy","puspitasari, poppy"
35184090300,"Tauviqirrahman, Mohammad","tauviqirrahman, mohammad"
58108156800,"Pramono, Diki Dwi","pramono, diki dwi"
56816839700,"Salam, Haipan","salam, haipan"
57203061097,"Marcos, Hendra","marcos, hendra"
56433461600,"Gernowo, Rahmat","gernowo, rahmat"
57205972690,"Wibowo, Adi","wibowo, adi"
56764427700,"Tahyudin, Imam","tahyudin, imam"
57190936747,"Harlia, Ellin","harlia, ellin"
57196435580,"Setiawati, Mieke Rochimi","setiawati, mieke rochimi"
35798840400,"Ridwan, Roni","ridwan, roni"
59921866600,"Sari, Miranti Nurindah","sari, miranti nurindah"
35107944600,"Ratnakomala, Shanti","ratnakomala, shanti"
36631467200,Annisa,annisa
57202611483,"Nurhikmah, H.","nurhikmah, h."
56644798700,"Mappalotteng, Abdul Muis","mappalotteng, abdul muis"
60339578700,"Hakim, Abdul","hakim, abdul"
57223020747,"Dewi, Laksmi","dewi, laksmi"
60338658600,"Hidayanti, Abna","hidayanti, abna"
57212110984,"Dewi, Utari","dewi, utari"
57195484889,"Saputra, Agusriansyah","saputra, agusriansyah"
57188870118,"Supriadi, Agus","supriadi, agus"
54389092500,"Herpandi, Herpandi","herpandi, herpandi"
60014758700,"Nurhasanah, Siti","nurhasanah, siti"
6507392012,"Saputra, Daniel","saputra, daniel"
57217091990,"Maryanto, Sigit Dwi","maryanto, sigit dwi"
58022465000,"Rohman, Randi Abdur","rohman, randi abdur"
57118056900,Roberdi,roberdi
55184030800,"Nuringtyas, Tri Rini","nuringtyas, tri rini"
57199705189,Purnomo,purnomo
8644527700,"Rachmawati, Diah","rachmawati, diah"
35779044700,"Putra, Eka Tarwaca Susila","putra, eka tarwaca susila"
55531781200,"Utomo, Condro","utomo, condro"
6505648987,"Liwang, Tony","liwang, tony"
8928730200,"Daryono, Budi Setiadi","daryono, budi setiadi"
57210124832,"Diana, Sherli","diana, sherli"
57203882856,"Rieuwpassa, Irene E.","rieuwpassa, irene e."
57210113522,"Nugroho, Juni J.","nugroho, juni j."
57201670892,"Samad, Rasmidar","samad, rasmidar"
57195959487,"Yulianty, Risfah","yulianty, risfah"
6508385254,"Natsir, Nurhayaty","natsir, nurhayaty"
57204107318,"Hamrun, Nurlindah","hamrun, nurlindah"
60354390500,"Putri, Muthi’Ah N.","putri, muthi’ah n."
57219569478,"Wardhana, Agung S.","wardhana, agung s."
57190003403,"Apriasari, Maharani L.","apriasari, maharani l."
60354530600,"Nurrahman, Tri","nurrahman, tri"
57208267190,"Utami, Juliyatin P.","utami, juliyatin p."
60354690800,"Hidayat, Dedy N.","hidayat, dedy n."
57194415817,"Soraya, Gita V.","soraya, gita v."
57210472813,"Natzir, Rosdiana","natzir, rosdiana"
57376508200,"Kadir, Syahrijuita","kadir, syahrijuita"
57244597800,"Sucahyo, Andrian","sucahyo, andrian"
60354541800,"Yulidia, Herlina","yulidia, herlina"
23004953700,"Hardjo, Marhaen","hardjo, marhaen"
58729490300,"Suhardiman, Aris","suhardiman, aris"
57194016573,Muhaimin,muhaimin
60354403900,"Choerunisa, Anis Y.","choerunisa, anis y."
57226837559,"Mulyani, Yani","mulyani, yani"
57207964539,"Wiradana, Putu Angga","wiradana, putu angga"
60337375200,"Wiartini, Ni Wayan Ayu","wiartini, ni wayan ayu"
56178602500,"Sucipto, Teguh Hari","sucipto, teguh hari"
59226608200,"Herdiansyah, Mochammad Aqilah","herdiansyah, mochammad aqilah"
57216617489,"Permatasari, Anak Agung Ayu Putri","permatasari, anak agung ayu putri"
57203926483,"Widhiantara, I. Gede","widhiantara, i. gede"
57214433080,"Sari, Ni Kadek Yunita","sari, ni kadek yunita"
7801678355,"Darmanto, Win","darmanto, win"
57198889332,"Panjaitan, Novaria Sari Dewi","panjaitan, novaria sari dewi"
57204050770,"Kusala, Muhammad Khaliim Jati","kusala, muhammad khaliim jati"
57194594627,"Widiastuti, Dyah","widiastuti, dyah"
8645842300,"Paramita, Dewi Kartikawati","paramita, dewi kartikawati"
55214959300,"Murwanti, Retno","murwanti, retno"
57216707224,"Kusrini, Ina","kusrini, ina"
23029631500,"Wijayanti, Nastiti","wijayanti, nastiti"
56740891400,"Haryanto, Aris","haryanto, aris"
60354541900,"Ferdinand, Ferdinand","ferdinand, ferdinand"
55982069700,"Afriwardi, Afriwardi","afriwardi, afriwardi"
57211324150,"Perdanakusuma, David Sontani","perdanakusuma, david sontani"
55923170400,"Ali, Hirowati","ali, hirowati"
58037958800,"Wahyuningsih, Eko S.","wahyuningsih, eko s."
57215011478,"Sadino, Asman","sadino, asman"
57218654148,"Farhamzah, Farhamzah","farhamzah, farhamzah"
57195127612,"Gunarti, Neni S.","gunarti, neni s."
60354586500,"Agustina, Putri","agustina, putri"
60354690500,"Sugiharta, Sudrajat","sugiharta, sudrajat"
60353972900,"Nugraha, Yogi R.","nugraha, yogi r."
60354112000,"Amal, Andi N.","amal, andi n."
57202206655,"Alkandahri, Maulana Y.","alkandahri, maulana y."
60354690600,"Dewi, Siska R.","dewi, siska r."
60354255600,"Dhaniaty, Siti S.","dhaniaty, siti s."
60354255700,"Kholisoh, Tati","kholisoh, tati"
60354825200,"Sinangling, Balebat A.","sinangling, balebat a."
60354825300,"Adam, Audia N. Z.","adam, audia n. z."
59304395100,"Hindarti, Fifin","hindarti, fifin"
56082393700,"Suyono, Eko Agus","suyono, eko agus"
57188870923,"Khakhim, Nurul","khakhim, nurul"
57304745400,"Sadewo, Brilian Ryan","sadewo, brilian ryan"
57024917800,"Budiman, Arief","budiman, arief"
60338062700,"Amaranggani, Clara Anindya","amaranggani, clara anindya"
35436103200,"Susanti, Ratna Frida","susanti, ratna frida"
57189732467,"Kristijarti, Anastasia Prima","kristijarti, anastasia prima"
57164760800,"Astuti, Widi","astuti, widi"
36351170700,"Petrus, Himawan Tri Bayu Murti","petrus, himawan tri bayu murti"
57192950078,"Wanta, Kevin Cleary","wanta, kevin cleary"
