chunk_id,publication_id,section,chunk_text,source_type
PUB000001_CH001,PUB000001,title_abstract,"Computational Insights Into The Interaction Of Silver Nanoparticles From Mimosa Pudica Linnaeus With Tumor Necrosis Factor-Α And Heat Shock Protein 60: An Insilico Approach Mimosa Pudica Linnaeus Has Been Recognised For Its Diverse Range Of Bioactive Compounds, With Antibacterial, Anti-Inflammatory, Hepatoprotective, And Antiparasitic Effects. This Study Aims To Investigate The Inhibitory Potential Of Bioactive Compounds From Mimosa Pudica Linnaeus Against Blastocystis Sp., TNF-α, And HSP60 Using An In-Silico Method. The Analysis Involved Predicting Biological Activity Using Pass, Evaluating Drug-Likeness According To Lipinski’S Rule Of Five, And Assessing The Adme Properties And Toxicity Profiles Of Mimosa Pudica Linnaeus Phytochemicals. The Pass Analysis Showed That Apigenin, P-Hydroxybenzoic Acid, Quercetin, And Naringenin Had The Highest Probability Of Activity Across Various Categories. Among The 18 Compounds Analysed, 13 Met All Lipinski’S Criteria, While 17 Showed High Gastrointestinal Absorption. However, 9 Compounds Exhibited High Toxicity Effects.",abstract_metadata
PUB000001_CH002,PUB000001,title_abstract,"Molecular Docking Analysis Revealed That Jasmonic Acid, Naringenin, And Monoamidomalonic Acid Exhibited Lower Binding Affinities Than Metronidazole (A Standard Drug) Against Blastocystis Sp. Luteolin And Naringenin Also Showed Potential As Competitive Inhibitors Of TNF-α. However, 4-(2-Phenylethyl) Phenol And Fisetin Showed The Lowest Binding Affinity Scores Of-7.47 And-7.75 Kcal/Mol, Respectively, Against HSP60. Molecular Docking Results Showed That The Ligands Interacted With The Target Proteins Via Hydrophobic And Hydrogen-Bond Interactions, Suggesting The Formation Of Stable Protein-Ligand Complexes. These Results Show That Bioactive Compounds Of Mimosa Pudica Linnaeus Have Potential As Therapeutic Candidates With Promising Anti-Inflammatory Properties. © 2025 Rahayu Et Al.",abstract_metadata
PUB000002_CH001,PUB000002,title_abstract,"Digitally Connected, Spiritually Rooted: Mubadalah And The Ethics Of Communication In Contemporary Muslim Family In Indonesia Amid The Rapid Digitalization Of Everyday Life, Urban Muslim Families In Selected Indonesian Cities Are Experiencing A Paradox In Their Communication Practices. Digital Technologies Create New Avenues For Connection, Yet They Simultaneously Risk Weakening Affective Intimacy And Reinforcing Patriarchal Authority Within Households. This Study Examines How Digital Family Communication Reflects And Challenges Traditional Power Relations Through Islamic Ethical Perspectives, Particularly Islamic Communication Ethics And Gender-Equitable Theology, Using The Mubadalah Approach, Which Emphasizes Mutuality, Justice, And Compassion In Familial Relations. Employing A Qualitative Field Research Design, The Study Collected Data From 18 Informants Representing Eight Muslim Families Across Jakarta, Yogyakarta, Cirebon, Bandung, And Makasar Through Semi­Structured In-Depth Interviews And Focus Group Discussions.",abstract_metadata
PUB000002_CH002,PUB000002,title_abstract,"Thematic Analysis Reveals Four Interrelated Dynamics: The Shift From Physical To Digital Interaction; The Reassertion Of Patriarchal Control Through Digital Devices; The Emergence Of Shared Decision-Making Practices Such As Shura; And Persistent Ethical Tensions Between Traditional Norms And The Transformative Possibilities Of Digital Media. The Study Argues That Digital Communication In Muslim Families Is Never Ethically Neutral; It Is Shaped By Spiritual, Cultural, And Gendered Norms. When Internalized And Practiced In Daily Interactions, Mubadalah Values Offer A Powerful Framework For Cultivating Just, Spiritually Grounded, And Emotionally Resilient Family Relationships In The Digital Age. These Findings Highlight The Urgency Of Integrating Mubadalah-Based Ethics Into Family Education Programs And Gender-Sensitive Communication Pedagogy. © 2025, University Of Malaya. All Rights Reserved.",abstract_metadata
PUB000003_CH001,PUB000003,title_abstract,"Anti‐Inflammatory Properties Of Conditioned Medium From Human Wharton’S Jelly Mesenchymal Stem Cells Acute Respiratory Distress Syndrome (Ards) Is A Critical Respiratory Dysfunction Triggered By Intense Inflammation, Microvascular Damage, And Increased Epithelial And Pulmonary Vascular Permeability. Human Wharton’S Jelly Mesenchymal Stem Cells (Hwjmscs) Possess Regenerative And Anti‐Inflammatory Activities Through The Cytokines, Chemokines, And Growth Factor Secretion. The Development Of Anti‐Inflammatory Agents Derived From Hwjmscs Has Become One Of The Therapeutic Solutions. Instead Of Direct Cell Use Of Hwjmscs, Their Conditioned Medium (Cm) Provides A Cell‐Free Approach That Delivers Bioactive Factors While Minimizing The Risks Associated With Stem Cell Transplantation. This Study Aims To Measure The Levels Of Vascular Endothelial Growth Factor‐Α (Vegf‐Α), Epidermal Growth Factor‐Β (Egf‐Β), Interleukin‐10 (Il‐10), And Hepatocyte Growth Factor (Hgf) In Cm‐Hwjmscs Under Non‐Starvation And Starvation Conditions (24, 48 And 72 Hours) Using Elisa. The Anti‐Inflammatory Potential Of These Factors Was Then Analyzed Through Molecular Docking With Pro‐Inflammatory Cytokines.",abstract_metadata
PUB000003_CH002,PUB000003,title_abstract,"Vegf‐Α, Egf‐Β, Il‐10 And Hgf Levels Were Measured Across All Conditions. Vegf‐Α Ranged From 2590.37 To 3613.92 Ng/Mg Protein; Egf‐Β 347.01–504.43 Ng/Mg; Il‐10 302.59–729.28 Pg/Mg; And Hgf 1747.20–2903.52 Ng/Mg. The Molecular Docking Revealed Strong Binding Between Vegf‐Α, Egf‐Β, Il‐10 And Hgf With Pro‐Inflammatory Cytokines, Namely Il‐1Β, Il‐6 And Tnf‐Α. Vegf‐Α Had The Strongest Bond With Tnf‐Α (–1162.3 Kj/Mol), While Egf‐Β Formed The Most Hydrophobic And Hydrogen Interactions. The Findings Suggest That Cm‐Hwjmscs, Enriched With Anti‐Inflammatory And Regenerative Cytokines, May Serve As A Promising Candidate For Modulating The Inflammatory Pathways Involved In Ards Pathogenesis. Longer Starvation Increased The Secretion Of Vegf‐Α, Egf‐Β, Il‐10 And Hgf. These Factors Are Known To Promote Angiogenesis, Regulate Immune Responses, And Protect Against Epithelial Injury, Thereby Supporting The Anti‐Inflammatory And Regenerative Potential Of Hwjmscs‐Cm For Ards Therapy. Copyright © 2025 The Author(S). This Article Is Distributed Under A Creative Commons Attribution‐Sharealike 4.0 International License.",abstract_metadata
PUB000004_CH001,PUB000004,title_abstract,"Ethanol Extract Of Cosmos Caudatus Attenuates Oxidative Stress And Inflammation In A Testosterone-Induced Benign Prostatic Hyperplasia Rat Model Via Reduction Of Malondialdehyde, Interleukin-6, And Tumor-Infiltrating Lymphocytes Activity Benign Prostatic Hyperplasia (Bph) Is A Common Age-Related Urological Condition Driven By Chronic Inflammation And Oxidative Stress, Prompting The Search For Safer Phytotherapeutic Alternatives. This Study Evaluated The In Vivo Efficacy Of Ethanolic Extract Of Cosmos Caudatus Leaves In Modulating The Oxidative-Inflammatory Axis Underlying Testosterone-Induced Benign Prostatic Hyperplasia. Blood Samples (0.5–1 ML) Were Collected From The Retro-Orbital Plexus At Baseline (T0), Post-Induction (T1), And Post-Treatment (T2) Of Thirty Male Rattus Norvegicus Obtained From The Laboratory Animal Unit, Universitas Sebelas Maret, Were Allocated Into Five Groups (N=6): Normal, Control, Positive Control Receiving Finasteride, And Treatment Groups Administered C. Caudatus Extract At 125 Mg/Kg Or 250 Mg/Kg. Bph Was Induced Using Testosterone Propionate (3 Mg/Kg/Day, S.C.) For 28 Days, Followed By A 28-Day Treatment Period.",abstract_metadata
PUB000004_CH002,PUB000004,title_abstract,"Serum Malondialdehyde, Interleukin-6, Stromal Tumor-Infiltrating Lymphocytes, Prostate Weight, And Prostate Index Were Evaluated. Testosterone Induction Significantly Increased Oxidative Stress, Systemic Inflammation, And Stromal Lymphocytic Infiltration, Together With Notable Prostate Enlargement (P<0.05). Treatment With Both Doses Of C. Caudatus Extract Markedly Reduced Malondialdehyde And Interleukin-6 Levels, Suppressed Tumor-Infiltrating Lymphocytes Infiltration, And Decreased Prostate Weight And Prostate Index Compared With The Untreated Benign Prostatic Hyperplasia Group (P<0.05), Showing Therapeutic Effects Comparable To Finasteride. These Findings Demonstrate That C. Caudatus Effectively Attenuates Benign Prostatic Hyperplasia Progression Through Strong Antioxidant And Anti-Inflammatory Mechanisms, Indicating Its Potential As A Promising Phytotherapeutic Candidate Targeting The Oxidative-Inflammatory Axis In Benign Prostatic Hyperplasia. © 2025 Sahara Et Al.",abstract_metadata
PUB000005_CH001,PUB000005,title_abstract,"Indo-Wdsimplequad2.0: An Indonesian Benchmark Dataset For Knowledge Graph Question Answering System We Propose Indo-Wdsimplequad2.0, A Silver Standard For An Indonesian-Language Benchmark Dataset Developed From Simplequestions And Lc-Quad 2.0 Based On Wikidata. This Dataset Development Is Proposed Due To The Current Absence Of A Representative Kgqa Benchmark Dataset In Indonesian Language. Simplequestions And Lc-Quad 2.0 Were Chosen Because, In Terms Of Question Type Variety And Complexity, These Datasets Serve As Supersets Of Other Available Datasets. Indo-Wdsimplequad2.0 Comprises 27,924 Questions For Simplequestions And 31,821 For Lc-Quad 2.0. Indo-Wdsimplequad2.0 Was Developed Through A Rigorous Translation Process By English Language Experts And Native Indonesian Speakers. This Translation Process Was Conducted In Three Rigorous Stages: Initial Translation, Validation And Verification, And Finalization Of The Translation. To Ensure The Quality Of This Dataset, The Authors Applied Four Criteria: Translation Accuracy, Writing Quality, Semantic Integrity, And Annotation Process.",abstract_metadata
PUB000005_CH002,PUB000005,title_abstract,"Indo-Wdsimplequad2.0 Can Serve As The First Indonesian-Language Kgqa Benchmark Dataset Based On Wikidata, Thus Supporting Future Research And Development Of Indonesian Kgqa Systems. © 2025, Research Institute Of Intelligent Computer Systems. All Rights Reserved.",abstract_metadata
PUB000006_CH001,PUB000006,title_abstract,"Performance Analysis Of Soybean Oil With Cuo/Graphene Hybrid Additive Nanoparticles As Cutting Fluid On Cnc Machining Processes This Study Investigates The Performance Of Soybean Oil-Based Nano-Lubricants With Cuo, Graphene, And Cuo/Graphene Hybrids Under Mql-Assisted Cnc Milling Of Aisi 1045 Steel. The Research Aims To Evaluate The Thermophysical, Rheological, And Tribological Properties Of Various Lubricant Formulations, Including Pure Soybean Oil And Soybean Oil With Individual Or Hybrid Nanoparticle Additives. Nanoparticles Were Characterized By Sem, Xrd, And Ftir, And Fluid Samples Were Evaluated For Density, Viscosity, Thermal Conductivity, Sedimentation Stability, And Rheological Behavior. Machining Performance Was Assessed Through Tool Wear, Surface Roughness, Cutting Temperature, Wear Debris Morphology, And Chip Color Analysis. Results Showed That Adding Graphene Nanoparticles Significantly Improved Machining Performance, Achieving A Surface Roughness Of 1.033 Μm, Tool Wear Of 0.0493 Mm, And A Cutting Temperature Of 46.1 °C, Outperforming Both Conventional And Alternative Nanofluid Formulations.",abstract_metadata
PUB000006_CH002,PUB000006,title_abstract,"Among All Formulations, The Graphene-Based Nanofluid Delivered The Lowest Cutting Temperature, Surface Roughness, And Flank Wear Under Mql. The Cuo/Graphene Hybrid Improved Performance Relative To The Base Fluids But Did Not Surpass The Graphene Formulation, Indicating Limited Synergistic Benefits Under The Present Soybean Oil-Based-Mql Conditions. © The Author(S) Published By Universitas Negeri Padang. This Is An Open-Access Article Under The: Https://Creativecommons.Org/Licenses/By/4.0/",abstract_metadata
PUB000007_CH001,PUB000007,title_abstract,"A Multi-Objective Deep Reinforcement Learning For Adaptive Traffic Signal Control With Curriculum Reward Shaping This Research Proposes A Multi-Objective Deep Reinforcement Learning (Modrl) Framework For Adaptive Traffic Signal Control To Address The Limitations Of Conventional Systems. The Framework Uses A Dueling Double Deep Q-Network (D3Qn) Agent To Manage Volatile Urban Traffic. A Key Contribution Is The Integration Of A Multi-Objective Reward Function That Balances Traffic Efficiency (Delay Reduction) And Environmental Sustainability (Fuel Consumption Minimization). We Also Incorporate A Curriculum Learning Strategy To Mitigate The Cold-Start Problem And Prevent Convergence To Suboptimal Policies. The Agent First Learns Foundational Traffic Management Before Tackling Complex Multi-Objective Trade-Offs. Evaluated In The Sumo Simulation Environment Under A Peak-Hour Scenario, The Proposed Framework, Named Mo-Cl-D3Qn, Demonstrates Significant Performance Improvements Over Conventional And Standard Drl Baselines.",abstract_metadata
PUB000007_CH002,PUB000007,title_abstract,"Specifically, It Reduced The Average Vehicle Delay By Up To 48% Compared To A Fixed-Time Controller And Simultaneously Lowered Fuel Consumption By Over 21% Compared To A Single-Objective Drl Agent, Validating Its Effectiveness As A Holistic And Robust Solution For Intelligent Traffic Management. © This Article Is Licensed Under A Creative Commons Attribution-Sharealike 4.0 International License. License Details: Https://Creativecommons.Org/Licenses/By-Sa/4.0/",abstract_metadata
PUB000008_CH001,PUB000008,title_abstract,"Understanding The Potential Of Soil-Originated Bacteria And Root Nodules Of Legume And Alfalfa Plants In Dairy Farm Environments In West Java, Indonesia Microbes Play A Vital Role In Sustaining Dairy Farm Ecosystems By Supporting Soil Fertility And Plant Growth. The Nutrient Supply From Microbes Directly Influences The Quality Of Soils And The Productivity Of Forage Crops Such As Alfalfa And Legumes, Which Serve As Essential Feed For Livestock. Alfalfa And Legume Plants, Being Important Feeds For The Livestock, Are Mostly Planted Around The Farming Area. Studying In Microbial Diversity And Their Soil-Enriching Potential Is Crucial. This Study Aimed To Identify Beneficial Soil Microorganisms And Root Nodule Bacteria From Alfalfa And Legume Plants For Potential Use As Biofertilizers In Dairy Farming. Soil Samples Were Collected From A Dairy Farm And Dried, While Nodules Were Collected From Alfalfa And Leguminous Plants. Microbial Enumeration Of Soil And Root Nodule Microbes, Followed By Qualitative And Quantitative Screening Of Isolates Degrade Cellulose, Indole-3-Acetic Acid (Iaa) Production, Nitrogen Fixation And Phosphate Solubilization.",abstract_metadata
PUB000008_CH002,PUB000008,title_abstract,"Molecular Identification Of Selected Strains Was Conducted Using 16S Rrna Sequencing. Results Showed Revealed That A Higher Bacterial And Microbial Population In Legume-Cultivated Soil Compared To Alfalfa. Among The Isolates, 34 Isolates Exhibited Cellulolytic Activity, While Eight Isolates Demonstrated Potential Nitrogen Fixing Ability And Iaa Production. Molecular Analysis Identified 18 Bacterial Strains From Soil And Nodules With Significant Cellulolytic Potential. In Conclusion, This Study Successfully Isolated And Characterized Bacterial Strains With Promising And Great Potential Applications In Sustainable Dairy Farm Programs. © 2025, Unique Scientific Publishers. All Rights Reserved.",abstract_metadata
PUB000009_CH001,PUB000009,title_abstract,"Cyberlearning Model With Microlearning Strategies To Enhance Edutechpreneurship Skills For University Students The Rapid Growth Of The Education Technology (Edutech) Sector Demands The Development Of Entrepreneurial Skills Among University Students To Foster Innovation And Address Educational Challenges. This Study Employed The 4D Instructional Design Model—Define, Design, Develop, And Disseminate—By Creating An Online Platform That Features Personalized Learning Paths, Interactive Modules, Collaborative Tools, And Real-Time Analytics. This Research Design Was Employed With 100 University Students Specializing In Education And Technology. Over Eight Weeks, Participants Engaged With Microlearning Modules Focused On Key Entrepreneurial Concepts And Collaborated On Projects Simulating Real-World Edutech Scenarios. The Findings Show That Online Microlearning Models Prioritize Technological Accessibility, Quality Content, Engagement, And Flexibility, Which Are In High Demand. Microlearning With Short Modules And Interactive Videos Improves Comprehension And Engagement.",abstract_metadata
PUB000009_CH002,PUB000009,title_abstract,"Task And Concept Analyses Frame Learning And Deepen Understanding Of Key Concepts, Enabling Students To Apply Learning Outcomes. The Cyberlearning Model Used Criterion-Referenced Exams, Evaluation Tools, And Interactive Media Like Short Movies, Infographics, And Gamification To Increase Edutechpreneurship. A Wilcoxon Signed Rank Test Analysis Revealed A Significant Difference Between Pre-Test And Post-Test Scores (P-Value < 0.05), Evaluation With Pre-Test And Post-Test Is Effective In Measuring Improvements In Student Learning Outcomes Before And After Implementing The Model, Because It Can Show Changes In Ability Objectively. The Cyber Learning Model Boosted Students' Edutechpreneurship Skills. Edutechpreneurship, Which Combines Educational Technology And Entrepreneurship, Improves Online Learning And Promotes Entrepreneurship. This Model Requires Entrepreneurship Education In Online Learning Platforms. This Research Offers Valuable Insights Into Innovative Educational Practices That Prepare Students To Lead And Innovate In The Evolving Edtech Industry. The Model Is Effective And Relevant To Augment Depth, Readability, And Personalization For An Optimal Learning Experience.",abstract_metadata
PUB000009_CH003,PUB000009,title_abstract,"© 2025, Pt Mattawang Mediatama Solution. All Rights Reserved.",abstract_metadata
PUB000010_CH001,PUB000010,title_abstract,"Physicochemical And Microbial Changes In Fish Cake During Storage Obtained By Sterilization And Oxygen Absorbers The Main Function Of Food Packaging Technology Is To Protect Products From Environmental Contamination, Particularly Oxygen And Microorganisms. Therefore, This Research Aimed To Analyze And Optimize The Effects Of Sterilization And Oxygen Absorbers On Physicochemical And Microbiological Changes In Fish Cake During Storage. The Experiment Was Conducted With Two And Three Replications Using Split-Plot Randomized Design (Sprd), With Sterilization Type (Semiaseptic Fish Cake (Sacp) And Sterilized Fish Cake (Sterile)) As The Main Plot And Oxygen Absorbers’ Presence (With Or Without) As The Subplot. Fish Cake Samples Were Collected From Branded Retailers In The Kayuagung District, Ogan Ilir Regency, And Several Parameters Were Observed. These Included Ph, Total Volatile Base Nitrogen (Tvb-N), Total Plate Count (Tpc), Hardness (Texture), Texture Profile Analysis (Cohesiveness, Gumminess, And Chewiness), And Colour Changes.",abstract_metadata
PUB000010_CH002,PUB000010,title_abstract,"The Results Showed That Sterilization Type Significantly Influenced Ph (4.5–7.2), Tvb-N (0.00–11.67 Mg-N/100 G), Tpc (3.50–6.25 Log Cfu/G), Hardness (21.9–36.9 N), Cohesiveness (0.82–0.95), Gumminess (1745–5432 G), Chewiness (1621–25,114 G), And Colour Changes (4.21– 11.41 Δe). Among All Treatments, Sterile Method Had Better Quality And Stability Compared To Others. © 2025 Saputra Et Al.",abstract_metadata
PUB000011_CH001,PUB000011,title_abstract,"Enzyme And Hormone Activities Related To Phosphorus Uptake Limitation In Oil Palm (Elaeis Guineensis Jacq.) Phosphorus (P) Is An Essential Element For Oil Palm Growth And Development. Acid Phosphatase (Apase) And Pti‐Interacting Serine/Threonine Kinase Are Two Enzymes Which Enzymes Confirmed To Be Related To P‐Uptake In Oil Palm, Therefore Their Activities In Oil Palm Treated With P‐Limitation Need To Be Quantified. Acid Phosphatase Is Believed To Be Induced By P‐Deprivation. Conversely, The Pto‐Interaction (Pti) Serine/Threonine Kinase Activity Is Associated With Abiotic Stress. The Aim Of This Study Was To Quantify Of Activities Of Two Selected Enzymes And Phytohormone Content In Oil Palm‐Clones In The P‐Limitation Condition. Two Oil Palms Genotypes Were Treated With Three P Dosages I.E. 0% (V/V), 4.67% (V/V), And 14.02% (V/V) Represented As Starvation, Deficiency, And Optimum Condition, Respectively. The Activity Of These Two Enzymes Was Quantified In Mitochondria And Cytoplasm Using Spectrophotometry And Modified Dot‐Blot Methods, While Abscisic Acid, Indole Acetic Acid And Gibberellic Acid Content Was Quantified Using Ultra Performance Liquid Chromatography (Uplc).",abstract_metadata
PUB000011_CH002,PUB000011,title_abstract,"The Result Showed That The Apase Activity In P‐Optimum Was Higher Than Starvation And Deficiency In Leaf And Root Tissues In Both Genotypes, Whereas Pti Serine/Threonine Kinase Activity Was Higher In Prolific Than Non‐Prolific Genotypes In P‐Deficient Dosage. Furthermore, Abscisic Acid Content Was Higher In Prolific Than Non‐Prolific Genotypes In Starvation And Deficient, Whereas Other Hormone Contents Were Similar. Association Study Showed That Prolific Was Separated With Non‐Prolific Ones At Different Doses Of P. Finally, The Prolific Genotype Is More Adaptable With P Deficiency. © 2025 The Author(S).",abstract_metadata
PUB000012_CH001,PUB000012,title_abstract,"Vegf And Macrophage Expression In Pulp Inflammation Following Administration Of A Combination Of Tricalcium Silicate Cement And Galam (Melaleuca Cajuputi Var. Cumingiana) Leaf Extract: In Vivo And In Silico Studies The Use Of Natural Compounds With Anti-Inflammatory And Regenerative Effects For Wound Healing Has Been Found Beneficial. Galam (Melaleuca Cajuputi Var. Cumingiana) Is A Typical Indonesian Medicinal Plant With Anti-Inflammatory Activity. This Study Aimed To Evaluate The Combined Effect Of Galam Leaf Extract And Tricalcium Silicate Cement On Vascular Endothelial Growth Factor (Vegf) And Macrophage Expression In Pulpitis Rat Model. Twenty-Four Male Wistar Rats Were Divided Into Six Groups: Groups 1 And 2-Received A Combination Of Galam Leaf Extract And Tricalcium Silicate Cement For 3 And 7 Days, Respectively; Groups 3 And 4-Received Tricalcium Silicate Cement Alone For 3 And 7 Days, Respectively; Groups 5 And 6-Received 40% Propylene Glycol For 3 And 7 Days, Respectively. After The Treatment Periods, Macrophage And Vegf Expressions Were Assessed By Histological And Immunohistochemical Analyses.",abstract_metadata
PUB000012_CH002,PUB000012,title_abstract,"The Binding Interactions Of Phytoconstituents Of Galam Leaf With Vegf Protein Was Predicted Through Molecular Docking Simulations. Results Showed A Significant Increase In Vegf Expression And A Reduction In Pulp Inflammation In The Combination Groups Compared To The Controls. Macrophage Numbers Increased On Day 3, Indicating Immune Activation, And Decreased By The 7Th Day, Suggesting Inflammation Resolution. The Compound Dammarane-3,12,25-Triol Present In Galam Leaf Demonstrated Strong Binding Affinity To Vegf In Silico, Suggesting Potential Angiogenic Effect. These Findings Indicate That The Combination Of Galam Leaf Extract And Tricalcium Silicate Cement Enhanced Pulp Healing By Reducing Inflammation, Regulating Macrophage Activity, And Increasing Vegf Expression In Pulpitis Rat Model. © 2025 Diana Et Al.",abstract_metadata
PUB000013_CH001,PUB000013,title_abstract,"In Silico Study Of Bioactive Compounds From Red Fruit (Pandanus Conoideus Lamk.) As Inhibitors Of Human Alcohol Dehydrogenase Alcohol Addiction And Intoxication Are Serious Global Health Issues, Primarily Influenced By The Metabolic Conversion Of Ethanol Into Acetaldehyde. This Toxic Substance Causes Various Harmful Effects On The Liver, Including Alcoholic Fatty Liver (Steatosis), Steatohepatitis, Fibrosis, And Hepatocellular Carcinoma. Meanwhile, Alcohol Dehydrogenase (Adh) Enzyme Facilitates The Initial Metabolic Process. Inhibiting Adh Is A Potential Therapeutic Method To Slow Alcohol Metabolism And Reduce The Side Effects Of Acetaldehyde. Fomepizole Is An Efficient Adh Inhibitor, And The Use Is Limited Due To Several Side Effects And High Costs, Signifying The Need To Explore Safer Alternatives. Therefore, This Study Aimed To Investigate The Efficacy Of Bioactive Compounds From Pandanus Conoideus Lamk. (Red Fruit), An Endemic Plant From Papua, Indonesia, As Potential Adh Inhibitors Using In Silico Methods. Molecular Docking Simulations And Molecular Dynamics Were Used To Evaluate The Compounds And Identify The Most Promising Candidates.",abstract_metadata
PUB000013_CH002,PUB000013,title_abstract,"Among The Compounds Evaluated Through Molecular Docking, Several Flavonoids, Such As 3,4',5-Trihydroxy-7,3'-Dimethoxy Flavone (Tdf) And Taxifolin (Tx), Had The Highest Binding Affinity Scores Towards Adh At-7.3 Kcal/Mol. The Next Compound Producing The Highest Binding Affinity Score Was Quercetin (Qe), With A Value Of-7.1 Kcal/Mol. Molecular Dynamics Simulations Lasting More Than 50 Ns Signified That Qe Was The Most Stable Ligand, With Root-Mean-Square Deviation (Rmsd) Value That Remained Below 5 Å. The Results Generally Showed That Only Qe From Pandanus Conoideus Had Potential As Adh Inhibitor. © 2025 Hidayat Et Al.",abstract_metadata
PUB000014_CH001,PUB000014,title_abstract,"Xanthine Oxidase Inhibition And Metabolite Profiling Of Aquilaria Malaccensis Lam Leaves Extract And Fraction Using Ftir-Lcms Clinically, Hyperuricaemia Is Caused By Increased Uric Acid Synthesis Catalysed By The Enzyme Xanthine Oxidoreductase. This Enzyme Exists In Two Forms: Xanthine Dehydrogenase, Which Oxidises Hypoxanthine To Xanthine, And Xanthine Oxidase, Which Oxidises Xanthine To Uric Acid. Agarwood Leaves (Aquilaria Malaccensis Lam.) Possess Antihyperuricemic Activity. The Flavonoid Compounds Contained In Agarwood Leaves Are Thought To Inhibit The Production Of This Enzyme. This Study Aimed To Assess The Inhibitory Activity Of Agarwood Leaf Extracts And Fractions Against Xanthine Oxidase And To Identify The Active Compounds In The Extracts And Fractions. Agarwood Leaves Were Macerated With 96% Ethanol And Fractionated By Liquid-Liquid Extraction With Nhexane, Ethyl Acetate, And Water. The Ethanol Extract And Fractions Obtained Were Tested For Their Inhibitory Activity Against Xanthine Oxidase In Vitro Using A Spectrophotometer At 295 Nm.",abstract_metadata
PUB000014_CH002,PUB000014,title_abstract,"To Determine The Functional Groups And Active Compounds, The Extracts Were Analysed By Fourier Transform Infrared Spectroscopy (Ftir), And The Ethyl Acetate Fractions Were Analysed By Liquid Chromatography-Mass Spectrometry (Lc-Ms) And Ftir. The Results Showed That The Percentage Of Xanthine Oxidase Inhibition Was 92.05%, 47.88%, 91.17%, And 57.60% For The Ethanol Extract, N-Hexane Fraction, Ethyl Acetate Fraction, And Aqueous Fraction, Respectively. Ftir Analysis Showed The Presence Of O–H Functional Groups, While Lc-Ms Analysis Showed Flavonoids As The Main Constituents. It Can Be Concluded That The Ethyl Acetate Fraction Contains Flavonoids That Can Inhibit The Xanthine Oxidase Enzyme. © 2025 Suhardiman Et Al.",abstract_metadata
PUB000015_CH001,PUB000015,title_abstract,"Evaluation Of Mangrove, Acanthus Ilicifolius Aqueous Extract On Inhibition Of Dengue Virus Replication: In Vitro And Molecular Docking Approach Dengue Virus (Denv) Infection Is A Worldwide Health Risk, Presenting Severe Symptoms With Possibly Lethal Consequences. The Search For Effective Antiviral Drugs Against Denv Has Largely Focused On Natural Products. Mangrove, Acanthus Ilicifolius, Has Been Empirically Shown To Exhibit Various Biological Activities And Good Safety Profiles. The Purpose Of This Investigation Was To Examine The Antiviral Activity Of A. Ilicifolius Aqueous Extract Against Denv, And The Way It Functions Of Action Of Its Bioactive Components Function Was Explored Utilizing An In Vitro And Molecular Docking Method. Aqueous Extract Of A. Ilicifolius Leaves Was Made, And Its Therapeutic Potential Was Examined Using Half Cytotoxic Concentration (Cc50) And Effective Concentration (Ec50) On Vero Cells Using The Mtt Method. The Selectivity Index (Si) Value Was Determined From The Ratio Of Cc50 And Ec50.",abstract_metadata
PUB000015_CH002,PUB000015,title_abstract,"A Total Of 12 Ligand Compounds Reported To Be Contained In The Extract Were Prepared For Molecular Docking Using Autodock Vina, Followed By In Silico Drug-Like Potential. A. Ilicifolius Water Extract Achieved The Greatest Vero Cell Viability Rate Of 159.80% At A Concentration Of 31.25 Μg/ML. A. Ilicifolius Extract At 100 Μg/ML Demonstrated The Greatest Denv-3 Inhibitory Rate Of 79.69%. The Cc50 Value Was 78.55 Μg/ML, And The Ec50 Value Was 64.37 Μg/ML. The Si Value Calculated From The Ratio Of Cc50 To Ec50 Was 1.22. Molecular Docking Identified Stigmasterol, Stigmasterol-3-O-Β-D-Glucopyranoside, And Quercetin As The Primary Compounds With The Greatest Docking Values (-7.9 Kcal/Mol,-7.6 Kcal/Mol, And-7.7 Kcal/Mol, Respectively). The Findings Of This Study Demonstrate The Anti-Denv Capability Of The A. Ilicifolius Extract Compound, Which Can Limit Viral Multiplication Via Biological Agents That Interact With Virus Attachment Within Host Cells, With An Si Value Of 1.22. © 2025 Indonesian Journal Of Tropical And Infectious Disease.",abstract_metadata
PUB000016_CH001,PUB000016,title_abstract,"Evaluation Of Synthetic‐Gene Recombinant Lipl32 Antigen For Igm Elisa Detection Of Leptospira Infection Leptospirosis Presents With Nonspecific Clinical Features And Requires Time‐Consuming Laboratory Tests For Gold Standard Diagnosis. This Study Aims To Design And Characterize The Recombinant Lipl32 From Synthetic Gene And Assess Its Performance As An Antigen For Detecting Leptospirosis. The Antigen Was Developed By Cloning The Lipl32 Gene Conserved Portion Of Leptospira Interrogans Serovar Icterohaemorrhagiae Strain Langkawi. The Immunoinformatic Was Used To Characterize The Developed Rlipl32. Western Blot Results Using Anti‐Histidine Revealed A Band Of Rlipl32 Protein At ~40 Kda. Subsequently, It Was Used To Examine The Igm Antibody On Human Sera By Using Elisa. The Igm‐Lipl32 Elisa Was Evaluated Using 67‐Positive And 25‐Negative Sera And Compared With A Commercial Elisa. With A Cut‐Off Value Of 0.8, It Showed 85.7% Sensitivity, 83.3% Specificity, A 48% Positive Prediction Value (Ppv), And 97% Negative Prediction Value (Npv), Indicating Modest Performance Compared To Existing Commercial Kits.",abstract_metadata
PUB000016_CH002,PUB000016,title_abstract,"The Rlipl32 Is A Potential Antigen For Detecting Igm Using Elisa; However, For Use In Low Incidence Areas, A Confirmation Test Is Crucial. © 2025 The Author(S).",abstract_metadata
PUB000017_CH001,PUB000017,title_abstract,"The Effect Of Dried Powdered Amnion On The Expression Of M1 And M2 Macrophages And Changes In Acute Experimental Wound Area In Rats Macrophages Play A Pivotal Role In Wound Healing By Coordinating Inflammatory, Proliferative, And Tissue-Remodeling Phases Through Dynamic Phenotypic Shifts. This Study Aimed To Determine The Effect Of Dried Powdered Amnion (Dpa) On The Expression Of M1 (Inos) And M2 (Cd206) Macrophages, As Well As Changes In Acute Wound Area In Rats. A Total Of 63 Male Wistar Rats Were Divided Into Three Groups: Control, Dried Amnion Sheet (Das), And Dpa, With Observations Conducted At 6 Hours, Day 2, And Day 5. Wound Tissues Were Analyzed Using Immunohistochemistry, While Wound Areas Were Measured Using The Imito® Application. Dpa Produced Significantly Higher Inos Expression Compared To Other Groups And Demonstrated Increased Cd206 Expression On Day 2. A Strong Positive Correlation Was Observed Between Both Macrophage Markers And Changes In Wound Area, With Cd206 Showing A Stronger Relationship. These Results Indicate That Dpa Effectively Modulates Macrophage Polarization And Enhances Wound Healing In Acute Wounds. © 2025 Ferdinand Et Al.",abstract_metadata
PUB000018_CH001,PUB000018,title_abstract,"Wound Healing Potential Of Hydrogel Extract Of Saccharum Spontaneum Leaves Using Incision Wound Healing Model In Rats Saccharum Spontaneum Is A Medicinal Plant Known For Treating Various Diseases, Such As Wounds. Despite The Potential Use Of This Plant, There Are No Studies Confirming Its Wound-Healing Activity. This Study Assessed S. Spontaneum Extract Hydrogel Formulation (Hess) And Examined Its Effects On Wound Healing, Antioxidant Properties, And Antibacterial Activity. The Disk Diffusion Method Was Used To Evaluate The Antibacterial Activity, While Dpph And Frap Were Used To Measure The Antioxidant Activity. The Rats Were Divided Into 5 Groups Of 4 Rats Each To Assess Wound Healing Using The Incision Wound Model. Group 1 Served As The Negative Control, While Group 2 Was Given 0.05% Octenidine. S. Spontaneum Extract Hydrogel Formulation (Hess) Was Administered To Groups 3, 4, And 5 At 5%, 10%, And 15% (%W/W) Concentrations, Respectively. The Results Showed That S. Spontaneum Extract Has Antioxidant Activity With Ic50 Values Of 80.16 (In Dpph) And 82.70 Μg/ML (In Frap), While Exhibiting An Inhibitory Effect On The Growth Of Bacteria In A Concentrationdependent Manner.",abstract_metadata
PUB000018_CH002,PUB000018,title_abstract,"The Wound Healing Activity Test Results Indicated That 10% And 15% Hess Significantly Closed The Wound Area On Days 4, 8, And 16. The S. Spontaneum Leaf Extract Exhibited Wound Healing Potential. © 2025 Wahyuningsih Et Al.",abstract_metadata
PUB000019_CH001,PUB000019,title_abstract,"Sustainable Biomass Production Of Euglena Gracilis Cultivated In Dairy Farm Wastewater: A Growth And Lipid Yield Assessment Dairy Farming Has A Detrimental Effect Of Wastewater That Can Pollute The Environment, Leading To Eutrophication From Increased Nitrogen And Phosphorus Levels. Microalgae Have Significant Potential For Treating Such Wastewater. This Study Aimed To Examine The Influence Of Dairy Farm Wastewater Concentrations On Euglena Gracilis, Particularly Its Growth, Biomass, And Lipid Production And To Develop A Growth Model For It. This Study Cultivated Euglena Gracilis In Cramers & Myers (Cm) Medium For 18 Days With Wastewater Concentrations Of 0%, 10%, 25%, And 50%. The Highest Cell Density, Biomass, And Lipid Content Were 64.5 X 10⁴ Cells/ML, 0.560 G/L, And 0.175 G/L, Respectively, In The 0% Wastewater Treatment. The 10% Concentration Yielded The Best Results, Achieving A Cell Density, Biomass, And Lipid Content Of 27.0 X 10⁴ Cells/ML, 0.290 G/L, And 0.127 G/L, Respectively. The Mathematical Approach Used Shows That The Gompertz Model Growth Curve Produces Better Simulation Data Than The Logistic Model.",abstract_metadata
PUB000019_CH002,PUB000019,title_abstract,"The Gompertz Model Can Describe Euglena Gracilis Cultivation With Higher Accuracy By Accounting For The Lag Phase. Optimal Wastewater Concentration, To Increase Microalgae Productivity, Is An Important Aspect That Can Support A Circular Bioeconomy By Using Biomass As A Raw Material For High Value Products. © 2025, Gadjah Mada University. All Rights Reserved.",abstract_metadata
PUB000020_CH001,PUB000020,title_abstract,"Leaching Co(Ii), Mo(Vi), And Al(Iii) Ions From Spent Catalyst Co-Mo/Γ–Al2O3 Using Organic Acid The Disposal Of Spent Catalysts Must Be Managed To Prevent Environmental Pollution Caused By The Heavy Metal Content In The Material. This Work Investigates The Leaching Performance Of Spent Catalyst Co-Mo/Γ–Al2O3 Using An Organic Acid As The Solvent. The Leaching Process Was Designed By Varying Several Operating Conditions. The Particle Size Was Varied At-40+80,-80+120, And-200 Mesh, While Pulp Density Was Varied At 5, 10, And 20% (Wt/V). This Experiment Used Four Types Of Acid, I.E., Citric Acid, Lactic Acid, Formic Acid, And Acetic Acid. This Operation Lasted 22 Days. The Sampling Process Was Conducted Periodically During The Leaching Process. Among The Four Investigated Organic Acids, Lactic Acid Provided The Highest Metal Ion Recovery. Under That Operating Condition, The Recovery Percentage Of Co(Ii), Mo(Vi), And Al(Iii) Ions Was 50.81, 67.68, And 58.00%, Respectively. Furthermore, This Work Also Observed The Applicable Mechanism During The Leaching Process Through A Kinetic Study.",abstract_metadata
PUB000020_CH002,PUB000020,title_abstract,"That Study Showed That The Internal Diffusion And Chemical Reaction Steps Simultaneously Controlled The Leaching Rate. © 2025, Gadjah Mada University. All Rights Reserved.",abstract_metadata
