publication_id,funding_id,funding_agency,grant_number,funding_text,source_text,funding_agency_normalized
PUB000001,FND000001,Universitas Andalas,,"the first author expressed gratitude to beasiswa pendidikan indonesia (the indonesian education scholarship), pusat pelayanan pembiayaan dan asesmen pendidikan tinggi (center for higher education funding and assessment), ministry of higher education, science, and technology of the republic of indonesia, lembaga pengelola dana penelitian/lpdp (indonesia endowment fund for education), ministry of finance, republic of indonesia, for funding the phd study at universitas andalas, and all participants for their help.",universitas andalas,universitas andalas
PUB000001,FND000002,"Ministry of Higher Education, Science, and Technology of the Republic of Indonesia",,,"ministry of higher education, science, and technology of the republic of indonesia","ministry of higher education, science, and technology of the republic of indonesia"
PUB000001,FND000003,"Lembaga Pengelola Dana Pendidikan, LPDP",,,"lembaga pengelola dana pendidikan, lpdp","lembaga pengelola dana pendidikan, lpdp"
PUB000001,FND000004,Pusat Pelayanan Pembiayaan dan Asesmen Pendidikan Tinggi,,,pusat pelayanan pembiayaan dan asesmen pendidikan tinggi,pusat pelayanan pembiayaan dan asesmen pendidikan tinggi
PUB000001,FND000005,Kementerian Keuangan Republik Indonesia,,,kementerian keuangan republik indonesia,kementerian keuangan republik indonesia
PUB000001,FND000006,Lembaga Pengelola Dana Penelitian,,,lembaga pengelola dana penelitian,lembaga pengelola dana penelitian
PUB000001,FND000007,Beasiswa Pendidikan Indonesia,,,beasiswa pendidikan indonesia,beasiswa pendidikan indonesia
PUB000004,FND000008,"Lembaga Pengelola Dana Pendidikan, LPDP",,funding text 1: this research was funded by the indonesia endowment fund for education (lpdp).,"lembaga pengelola dana pendidikan, lpdp","lembaga pengelola dana pendidikan, lpdp"
PUB000004,FND000009,Center for Higher Education Funding and Assessment,,"funding text 2: this research was supported by the indonesian education scholarship program (bpi) through the center for higher education funding and assessment (ppapt), ministry of higher education science, and technology of the republik indonesia and the indonesia endowment fund for education (lpdp).",center for higher education funding and assessment,center for higher education funding and assessment
PUB000004,FND000010,PPAPT,,,ppapt,ppapt
PUB000004,FND000011,"Ministry of Higher Education Science, and Technology of the Republik Indonesia",,,"ministry of higher education science, and technology of the republik indonesia","ministry of higher education science, and technology of the republik indonesia"
PUB000006,FND000012,"Universitas Pendidikan Indonesia, UPI,",726/UN40/PT.01.01/2025,this work was supported by universitas pendidikan indonesia through the riset kolaborasi indonesia (rki) funding scheme (reference no. 726/un40/pt.01.01/2025).,"universitas pendidikan indonesia, upi, (726/un40/pt.01.01/2025)","universitas pendidikan indonesia, upi,"
PUB000007,FND000013,"Universitas Diponegoro, UNDIP",,"the authors would like to express their sincere gratitude to the promoter and co-promoters for their invaluable guidance, insightful feedback, and unwavering support throughout this research. deep appreciation is also extended to universitas diponegoro for providing the academic environment and resources that made this doctoral research possible. finally, the authors would like to extend special thanks to universitas amikom purwokerto for its continuous encouragement and institutional support.","universitas diponegoro, undip","universitas diponegoro, undip"
PUB000008,FND000014,"Universitas Padjadjaran, UNPAD,","1442/UN6.3, I/PT.00/2024",funding: this research was funded by the academic leadership grant (alg) of universitas padjadjaran (number: 1442/un6.3. i/pt.00/2024).,"universitas padjadjaran, unpad, (1442/un6.3, i/pt.00/2024)","universitas padjadjaran, unpad,"
PUB000008,FND000015,"Universitas Padjadjaran, UNPAD",,,"universitas padjadjaran, unpad","universitas padjadjaran, unpad"
PUB000009,FND000016,Funding for Edtech Startups,,"edutech. discussion on promotional techniques specifically for educational products). branding and product identity development (building a strong brand and identity for edtech products. exercise in building brand positioning for proposed edtech products). funding for edtech startups (understanding various funding sources and how to attract investors. discussion on accelerator and incubator programs specifically for edutech). legality and ethics in edtech (becoming aware of regulations, licensing, and data privacy issues in edutech. discussion on ethical challenges in the use of user data). measuring the impact and efficacy of edtech products (methods for measuring the effectiveness of technology-based educational products. exercise in designing an edutech product impact evaluation instrument). project and team management in edtech startups (managing edutech projects and multidisciplinary teams. discussion on managing time, resources, and workflow in startups). pitching and presentation of edtech products (effective pitching techniques to attract investors. simulation of edutech product presentation in front of the class).",funding for edtech startups,funding for edtech startups
PUB000010,FND000017,Pendidikan Magister Menuju Doktor Untuk Sarjana Unggul,,"the authors are grateful for the financial support provided by the pmdsu (pendidikan magister menuju doktor untuk sarjana unggul) scholarship from the ministry of research, technology, and higher education of the republic of indonesia with grant number 142/e5/pg.02.00.pt/2022.",pendidikan magister menuju doktor untuk sarjana unggul,pendidikan magister menuju doktor untuk sarjana unggul
PUB000010,FND000018,"Kementerian Riset, Teknologi dan Pendidikan Tinggi,","142/E5/PG.02.00, PT/2022",,"kementerian riset, teknologi dan pendidikan tinggi, (142/e5/pg.02.00, pt/2022)","kementerian riset, teknologi dan pendidikan tinggi,"
PUB000010,FND000019,"Kementerian Riset, Teknologi dan Pendidikan Tinggi",,,"kementerian riset, teknologi dan pendidikan tinggi","kementerian riset, teknologi dan pendidikan tinggi"
PUB000011,FND000020,PT Sinar Mas Agro Resources & Technology,,"the authors are grateful to the management of pt sinar mas agro resources & technology (smart) tbk. and palm oil fund management agency, ministry of finance, republic of indonesia for their support in completing this study. we also thanks to wulan artutiningsih, olivia s. purba, tengku imam saputra, widyartini made sudania, zulfikar a. tanjung for their support and allif reinaldy, redy w. permana, nur afifah t., elsanda n., ranny hanifah, and yusuf rezaludin for technical assistance in laboratory and greenhouse activities.",pt sinar mas agro resources & technology,pt sinar mas agro resources & technology
PUB000011,FND000021,"Office of Sex Offender Sentencing, Monitoring, Apprehending, Registering, and Tracking, SMART",,,"office of sex offender sentencing, monitoring, apprehending, registering, and tracking, smart","office of sex offender sentencing, monitoring, apprehending, registering, and tracking, smart"
PUB000011,FND000022,Kementerian Keuangan Republik Indonesia,,,kementerian keuangan republik indonesia,kementerian keuangan republik indonesia
PUB000013,FND000023,"Faculty of Medicine, University of Papua",,"the authors are grateful to the faculty of medicine, university of papua, and the government of southwest papua province for their financial support (no: 2257/un42/ks/2023) and provision of study facilities.","faculty of medicine, university of papua","faculty of medicine, university of papua"
PUB000013,FND000024,"Government of Southwest Papua Province,",2257/UN42/KS/2023,,"government of southwest papua province, (2257/un42/ks/2023)","government of southwest papua province,"
PUB000014,FND000025,Bhakti Kencana University,,"the author would like to thank the doctoral programme in pharmacy at padjajaran university for providing lectures and study facilities. additionally, the author would like to thank bhakti kencana university, the adhi guna kencana foundation, and the research and community service directorate of bhakti kencana university for their financial support for research and publication, as outlined in the rector\u2019s decision letter no. 068/01/ubk/vi/2025 regarding the recipients of internal research grants.",bhakti kencana university,bhakti kencana university
PUB000014,FND000026,"Adhi Guna Kencana Foundation,",068/01/UBK/VI/2025,,"adhi guna kencana foundation, (068/01/ubk/vi/2025)","adhi guna kencana foundation,"
PUB000015,FND000027,Institute of Tropical Disease,,"the author would like to thank the institute of tropical disease, airlangga university, for supporting this research through the research facilities at the dengue laboratory, institute of tropical disease, airlangga university. the author also thanks the study program of biology, faculty of health and science, universitas dhyana pura, for assisting in the preparation and completion of this research process.",institute of tropical disease,institute of tropical disease
PUB000015,FND000028,"Universitas Airlangga, UNAIR",,,"universitas airlangga, unair","universitas airlangga, unair"
PUB000016,FND000029,Directorate General of Health Human Resources,,"this study received funding from the directorate general of health human resources of the indonesian ministry of health. in addition, kasihan 2 community health in yogyakarta supported the sample collection for this study.",directorate general of health human resources,directorate general of health human resources
PUB000016,FND000030,Indonesian Ministry of Health,,,indonesian ministry of health,indonesian ministry of health
PUB000018,FND000031,"Lembaga Penelitian dan Pengabdian Kepada Masyarakat, LPPM",,"this research was supported by the institute for research and community services, universitas buana perjuangan karawang (grant no. 191/lppm/iii/2024).","lembaga penelitian dan pengabdian kepada masyarakat, lppm","lembaga penelitian dan pengabdian kepada masyarakat, lppm"
PUB000018,FND000032,"Universitas Buana Perjuangan Karawang,",191/LPPM/III/2024,,"universitas buana perjuangan karawang, (191/lppm/iii/2024)","universitas buana perjuangan karawang,"
PUB000019,FND000033,"Center for Higher Education Funding and Assessment, Ministry of Higher Education, Science, and Technology of The Republic of Indonesia,",/BPI.06/9/2022,"we want to express our gratitude to the indonesian education scholarship (bpi), the center for higher education funding and assessment, ministry of higher education, science, and technology of the republic of indonesia, and the indonesia endowment fund for education (lpdp) for supporting this research, with registration 01781/j5.2.3./bpi.06/9/2022.","center for higher education funding and assessment, ministry of higher education, science, and technology of the republic of indonesia, (/bpi.06/9/2022)","center for higher education funding and assessment, ministry of higher education, science, and technology of the republic of indonesia,"
