institution_id,institution_name,city,country,institution_name_normalized
INS6107492470,"Program Doctoral Biomedical Science, Faculty of Medicine, Universitas Andalas, Indonesia",,,"program doctoral biomedical science, faculty of medicine, universitas andalas, indonesia"
INS7356707519,"Department of Medical Laboratory Technology, Universitas Syedza Saintika, Padang, Indonesia",,,"department of medical laboratory technology, universitas syedza saintika, padang, indonesia"
INS4953790712,"Department of Biochemistry, Faculty of Medicine, Universitas Andalas, Indonesia",,,"department of biochemistry, faculty of medicine, universitas andalas, indonesia"
INS3317088930,"Department of Pharmacology and Therapeutics, Faculty of Medicine, Universitas Andalas, Indonesia",,,"department of pharmacology and therapeutics, faculty of medicine, universitas andalas, indonesia"
INS3126152478,"Department of Parasitology, Faculty of Medicine, Universitas Andalas, Indonesia",,,"department of parasitology, faculty of medicine, universitas andalas, indonesia"
INS8340345914,"Department of Clinical Pathology, Faculty of Medicine, Universitas Andalas, Padang, Indonesia",,,"department of clinical pathology, faculty of medicine, universitas andalas, padang, indonesia"
INS0551098962,"Department of Islamic Broadcasting and Communication, Faculty of Dakwah and Islamic Communication, Universitas Islam Negeri Siber Syekh Nurjati Cirebon, Jawa Barat, Kota Cirebon, 45131, Indonesia",,,"department of islamic broadcasting and communication, faculty of dakwah and islamic communication, universitas islam negeri siber syekh nurjati cirebon, jawa barat, kota cirebon, 45131, indonesia"
INS6047385390,"Department of Islamic Education, Postgraduate Program, Universitas Islam Negeri Siber Syekh Nurjati Cirebon, Jawa Barat, Kota Cirebon, 45131, Indonesia",,,"department of islamic education, postgraduate program, universitas islam negeri siber syekh nurjati cirebon, jawa barat, kota cirebon, 45131, indonesia"
INS1447639651,"Department of Religious Sociology, Faculty of Dakwah and Islamic Communication, Universitas Islam Negeri Siber Syekh Nurjati Cirebon, Jawa Barat, Kota Cirebon, 45131, Indonesia",,,"department of religious sociology, faculty of dakwah and islamic communication, universitas islam negeri siber syekh nurjati cirebon, jawa barat, kota cirebon, 45131, indonesia"
INS6058114228,"Department of Islamic Guidance and Counseling, Faculty of Dakwah and Islamic Communication, Universitas Islam Negeri Siber Syekh Nurjati Cirebon, Jawa Barat, Kota Cirebon, 45131, Indonesia",,,"department of islamic guidance and counseling, faculty of dakwah and islamic communication, universitas islam negeri siber syekh nurjati cirebon, jawa barat, kota cirebon, 45131, indonesia"
INS9894813675,"Department of Qur'an and Tafsir, Faculty of Ushuluddin and Adab, Universitas Islam Negeri Siber Syekh Nurjati Cirebon, Jawa Barat, Kota Cirebon, 45131, Indonesia",,,"department of qur'an and tafsir, faculty of ushuluddin and adab, universitas islam negeri siber syekh nurjati cirebon, jawa barat, kota cirebon, 45131, indonesia"
INS6859927444,"Biomedical Engineering, Department of Electrical Engineering, Faculty of Engineering, Universitas Indonesia, Depok, 16424, Indonesia",,,"biomedical engineering, department of electrical engineering, faculty of engineering, universitas indonesia, depok, 16424, indonesia"
INS2430520274,"Biomolecular and Biomedical Research Center, Bandung, Aretha Medika Utama, 40163, Indonesia",,,"biomolecular and biomedical research center, bandung, aretha medika utama, 40163, indonesia"
INS6370085033,"Faculty of Medicine, Maranatha Christian University, Bandung, 40164, Indonesia",,,"faculty of medicine, maranatha christian university, bandung, 40164, indonesia"
INS1365052605,"Faculty of Pharmacy, Universitas Jenderal Achmad Yani, Cimahi, 40525, Indonesia",,,"faculty of pharmacy, universitas jenderal achmad yani, cimahi, 40525, indonesia"
INS6249134914,"Faculty of Pharmacy, University of Surabaya, Surabaya, 60293, Indonesia",,,"faculty of pharmacy, university of surabaya, surabaya, 60293, indonesia"
INS0249698475,"Department of Biology, Faculty of Mathematics and Science Education, Jakarta State University, East Jakarta, 13220, Indonesia",,,"department of biology, faculty of mathematics and science education, jakarta state university, east jakarta, 13220, indonesia"
INS0766708240,"Doctoral Program of Medical Science, Faculty of Medicine, Universitas Sebelas Maret, Jln Ir. Sutami 36A, Central Java, Surakarta, Indonesia",,,"doctoral program of medical science, faculty of medicine, universitas sebelas maret, jln ir. sutami 36a, central java, surakarta, indonesia"
INS9383251884,"Departement of Anatomical Pathology, Faculty of Medicine, Universitas Malahayati, Jl. Pramuka No. 27, Lampung, Bandar Lampung, Indonesia",,,"departement of anatomical pathology, faculty of medicine, universitas malahayati, jl. pramuka no. 27, lampung, bandar lampung, indonesia"
INS7679022966,"Departement of Anatomical Pathology, Universitas Sebelas Maret, Surakarta, Jln Ir. Sutami 36A, Central Java, Indonesia",,,"departement of anatomical pathology, universitas sebelas maret, surakarta, jln ir. sutami 36a, central java, indonesia"
INS2186890339,"Departement of Public Health, Faculty of Medicine, Universitas Sebelas Maret, Jln Ir. Sutami 36A, Central Java, Surakarta, Indonesia",,,"departement of public health, faculty of medicine, universitas sebelas maret, jln ir. sutami 36a, central java, surakarta, indonesia"
INS4944157617,"Departement of Parasitology and Mycology, Faculty of Medicine, Universitas Sebelas Maret, Jln Ir. Sutami 36A, Central Java, Surakarta, Indonesia",,,"departement of parasitology and mycology, faculty of medicine, universitas sebelas maret, jln ir. sutami 36a, central java, surakarta, indonesia"
INS4712846214,"Departement of Oral Disease, Faculty of Medicine, Universitas Sebelas Maret, , Jln Ir. Sutami 36A, Central Java, Surakarta, Indonesia",,,"departement of oral disease, faculty of medicine, universitas sebelas maret, , jln ir. sutami 36a, central java, surakarta, indonesia"
INS5985818190,"Politeknik Negeri Indramayu, Indramayu, Indonesia",,,"politeknik negeri indramayu, indramayu, indonesia"
INS3837774734,"Universitas Singaperbangsa Karawang, Karawang, Indonesia",,,"universitas singaperbangsa karawang, karawang, indonesia"
INS6312937257,"Universitas Bina Sarana Informatika, Jakarta, Indonesia",,,"universitas bina sarana informatika, jakarta, indonesia"
INS2544959677,"Excel Translation, Depok, Indonesia",,,"excel translation, depok, indonesia"
INS8019465554,"Universitas Indonesia, Depok, Indonesia",,,"universitas indonesia, depok, indonesia"
INS7710515149,"Universitas Pendidikan Indonesia, Indonesia",,,"universitas pendidikan indonesia, indonesia"
INS3905383004,"Department of Mechanical and Industrial Engineering, Universitas Negeri Malang, Indonesia",,,"department of mechanical and industrial engineering, universitas negeri malang, indonesia"
INS7642274133,"Department of Mechanical Engineering, Faculty of Engineering, Universitas Diponegoro, Indonesia",,,"department of mechanical engineering, faculty of engineering, universitas diponegoro, indonesia"
INS0632089200,"Centre of Advanced Material and Renewable Energy, Universitas Negeri Malang, Indonesia",,,"centre of advanced material and renewable energy, universitas negeri malang, indonesia"
INS7391017534,"Postgraduate School, Universitas Diponegoro, Indonesia",,,"postgraduate school, universitas diponegoro, indonesia"
INS7478702269,"Department of Informatics, Faculty of Science and Mathematics, Universitas Diponegoro, Semarang, Indonesia",,,"department of informatics, faculty of science and mathematics, universitas diponegoro, semarang, indonesia"
INS7211718656,"Department of Informatics, Universitas Amikom Purwokerto, Indonesia",,,"department of informatics, universitas amikom purwokerto, indonesia"
INS1127516439,"Magister of Computer Science, Universitas Amikom Purwokerto, Indonesia",,,"magister of computer science, universitas amikom purwokerto, indonesia"
INS7543783501,"Department of Animal Products Technology, Faculty of Animal Husbandry, Universitas Padjadjaran, Jl. Ir. Soekarno Km. 21 Jatinangor, West Java, 45363, Indonesia",,,"department of animal products technology, faculty of animal husbandry, universitas padjadjaran, jl. ir. soekarno km. 21 jatinangor, west java, 45363, indonesia"
INS5833723997,"Department of Soil Science and Land Resources, Faculty of Agriculture, Universitas Padjadjaran, Jl. Ir. Soekarno Km. 21 Jatinangor, West Java, 45363, Indonesia",,,"department of soil science and land resources, faculty of agriculture, universitas padjadjaran, jl. ir. soekarno km. 21 jatinangor, west java, 45363, indonesia"
INS7043097569,"Research Center for Applied Zoology-National Research and Innovation Agency (BRIN), Kawasan Sains Teknologi (KST), Jl. Raya Bogor Km. 46, Bogor, West Java, Cibinong, 16911, Indonesia",,,"research center for applied zoology-national research and innovation agency (brin), kawasan sains teknologi (kst), jl. raya bogor km. 46, bogor, west java, cibinong, 16911, indonesia"
INS2516062775,"Directorate Research Facility-National Research and Innovation Agency (BRIN), Jl.M.H. ThamrinNo.8, Central Jakarta, 10340, Indonesia",,,"directorate research facility-national research and innovation agency (brin), jl.m.h. thamrinno.8, central jakarta, 10340, indonesia"
INS9993243856,"Research Center for Evolution and Biosystematics, National Research and Innovation Agency (BRIN), Jl. Raya Jakarta- Bogor Km. 46, Bogor, West Java, Cibinong, 16911, Indonesia",,,"research center for evolution and biosystematics, national research and innovation agency (brin), jl. raya jakarta- bogor km. 46, bogor, west java, cibinong, 16911, indonesia"
INS6710069891,"Department of Biology, Faculty of Mathematics and Natural Sciences, Universitas Padjadjaran, Jl. Ir. Soekarno Km. 21 Jatinangor, West Java, 45363, Indonesia",,,"department of biology, faculty of mathematics and natural sciences, universitas padjadjaran, jl. ir. soekarno km. 21 jatinangor, west java, 45363, indonesia"
INS0417228746,"Educational Technology Study Program, Universitas Negeri Makassar, UNM, Jl. Tamalate I, Tidung, Kec. Rappocini, Sulawesi Selatan, Makassar, 90221, Indonesia",,,"educational technology study program, universitas negeri makassar, unm, jl. tamalate i, tidung, kec. rappocini, sulawesi selatan, makassar, 90221, indonesia"
INS4014442661,"Vocational and Technology Educational Study Program, Universitas Negeri Makassar, UNM, Jl. Tamalate I, Tidung, Kec. Rappocini, Sulawesi Selatan, Makassar, 90221, Indonesia",,,"vocational and technology educational study program, universitas negeri makassar, unm, jl. tamalate i, tidung, kec. rappocini, sulawesi selatan, makassar, 90221, indonesia"
INS6965637433,"Curriculum Development Study Program, Universitas Pendidikan Indonesia, Jl. Dr. Setiabudhi No.229, Isola, Kec. Sukasari, Jawa Barat, Bandung, 40154, Indonesia",,,"curriculum development study program, universitas pendidikan indonesia, jl. dr. setiabudhi no.229, isola, kec. sukasari, jawa barat, bandung, 40154, indonesia"
INS0402039504,"Educational Technology Study Program, Universitas Negeri Padang, Jl. Prof. Dr. Hamka, Air Tawar Barat, Kec. Padang Utara, Sumatera Barat, Padang, 25171, Indonesia",,,"educational technology study program, universitas negeri padang, jl. prof. dr. hamka, air tawar barat, kec. padang utara, sumatera barat, padang, 25171, indonesia"
INS7856996584,"Educational Technology Study Program, Universitas Negeri Surabaya, Kampus Lidah Wetan FIP Unesa, Surabaya, Indonesia",,,"educational technology study program, universitas negeri surabaya, kampus lidah wetan fip unesa, surabaya, indonesia"
INS3140338328,"Doctoral Program of Agricultural Sciences, Graduate School, Agriculture Faculty, Universitas Sriwijaya, South Sumatra, Palembang, 30139, Indonesia",,,"doctoral program of agricultural sciences, graduate school, agriculture faculty, universitas sriwijaya, south sumatra, palembang, 30139, indonesia"
INS7052317846,"Department of Fisheries Product Technology, Agriculture Faculty, Universitas Sriwijaya, South Sumatra, Indralaya, 30662, Indonesia",,,"department of fisheries product technology, agriculture faculty, universitas sriwijaya, south sumatra, indralaya, 30662, indonesia"
INS7525813793,"Department of Food Industrial Technology, Faculty of Agro-Industrial Technology, Universitas Padjadjaran, West Java, 45363, Indonesia",,,"department of food industrial technology, faculty of agro-industrial technology, universitas padjadjaran, west java, 45363, indonesia"
INS8955853182,"Department of Agricultural Engineering, Agriculture Faculty, Universitas Sriwijaya, South Sumatra, Indralaya, 30662, Indonesia",,,"department of agricultural engineering, agriculture faculty, universitas sriwijaya, south sumatra, indralaya, 30662, indonesia"
INS7035172270,"Doctoral Program, Department of Biology, Faculty of Biology, Universitas Gadjah Mada, Jl. Teknika Selatan, Sekip Utara, Yogyakarta, Sleman, 55281, Indonesia",,,"doctoral program, department of biology, faculty of biology, universitas gadjah mada, jl. teknika selatan, sekip utara, yogyakarta, sleman, 55281, indonesia"
INS8960983022,"Biotechnology Department, Plant Production and Biotechnology Division, PT SMART Tbk, Jl. Raya Cijayanti, Babakan Madang, West Java, Bogor, 16810, Indonesia",,,"biotechnology department, plant production and biotechnology division, pt smart tbk, jl. raya cijayanti, babakan madang, west java, bogor, 16810, indonesia"
INS2609930201,"Faculty of Biology, Universitas Gadjah Mada, Jl. Teknika Selatan, Sekip Utara, Yogyakarta, Sleman, 55281, Indonesia",,,"faculty of biology, universitas gadjah mada, jl. teknika selatan, sekip utara, yogyakarta, sleman, 55281, indonesia"
INS5049777235,"Faculty of Agriculture, Universitas Gadjah Mada, Jl. Flora, Yogyakarta, Bulaksumur, 55281, Indonesia",,,"faculty of agriculture, universitas gadjah mada, jl. flora, yogyakarta, bulaksumur, 55281, indonesia"
INS7331697169,"Doctoral Study Program Dentistry, Faculty of Dentistry, Hasanuddin University, Indonesia",,,"doctoral study program dentistry, faculty of dentistry, hasanuddin university, indonesia"
INS7363936052,"Department of Conservative Dentistry, Faculty of Dentistry, Lambung Mangkurat University, Banjarmasin, Indonesia",,,"department of conservative dentistry, faculty of dentistry, lambung mangkurat university, banjarmasin, indonesia"
INS5656277595,"Department of Oral Biology, Faculty of Dentistry, Hasanuddin University, Indonesia",,,"department of oral biology, faculty of dentistry, hasanuddin university, indonesia"
INS4122896599,"Department of Dental Public Health and Preventive Dentistry, Faculty of Dentistry, Hasanuddin University, Indonesia",,,"department of dental public health and preventive dentistry, faculty of dentistry, hasanuddin university, indonesia"
INS4597009575,"Department of Pharmaceutical Science and Technology, Faculty of Pharmacy, Hasanuddin University, Indonesia",,,"department of pharmaceutical science and technology, faculty of pharmacy, hasanuddin university, indonesia"
INS1525048610,"Department of Dental Materials, Faculty of Dentistry, Lambung Mangkurat University, Banjarmasin, Indonesia",,,"department of dental materials, faculty of dentistry, lambung mangkurat university, banjarmasin, indonesia"
INS5555056135,"Department of Oral Medicine, Faculty of Dentistry, Lambung Mangkurat University, Banjarmasin, Indonesia",,,"department of oral medicine, faculty of dentistry, lambung mangkurat university, banjarmasin, indonesia"
INS3794267817,"Department of Oral and Maxillofacial Surgery, Faculty of Dentistry, Lambung Mangkurat University, Banjarmasin, Indonesia",,,"department of oral and maxillofacial surgery, faculty of dentistry, lambung mangkurat university, banjarmasin, indonesia"
INS2717192800,"Department of Biomedicine, Faculty of Dentistry, Lambung Mangkurat University, Banjarmasin, Indonesia",,,"department of biomedicine, faculty of dentistry, lambung mangkurat university, banjarmasin, indonesia"
INS4856364291,"Master Program of Biomedical Sciences, Graduate School, Hasanuddin University, South Sulawesi, Makassar, Indonesia",,,"master program of biomedical sciences, graduate school, hasanuddin university, south sulawesi, makassar, indonesia"
INS1029726900,"Faculty of Medicine, University of Papua, Southwest Papua, Sorong, Indonesia",,,"faculty of medicine, university of papua, southwest papua, sorong, indonesia"
INS0523518469,"Department of Biochemistry, Faculty of Medicine, Hasanuddin University, South Sulawesi, Makassar, Indonesia",,,"department of biochemistry, faculty of medicine, hasanuddin university, south sulawesi, makassar, indonesia"
INS5961311626,"Faculty of Mathematic and Natural Science, Essential Oil Institute, Brawijaya University, East Java, Malang, Indonesia",,,"faculty of mathematic and natural science, essential oil institute, brawijaya university, east java, malang, indonesia"
INS7730127676,"Doctoral Program in Pharmacy, Faculty of Pharmacy, Padjadjaran University, Sumedang, 45363, Indonesia",,,"doctoral program in pharmacy, faculty of pharmacy, padjadjaran university, sumedang, 45363, indonesia"
INS6361741152,"Department of Biological Pharmacy, Faculty of Pharmacy, Padjadjaran University, Sumedang, 45363, Indonesia",,,"department of biological pharmacy, faculty of pharmacy, padjadjaran university, sumedang, 45363, indonesia"
INS0869046499,"Department of Biological Pharmacy, Faculty of Pharmacy, Bhakti Kencana University, Bandung, 40614, Indonesia",,,"department of biological pharmacy, faculty of pharmacy, bhakti kencana university, bandung, 40614, indonesia"
INS5674946088,"Center of Herbal Study, Padjadjaran University, Sumedang, 45363, Indonesia",,,"center of herbal study, padjadjaran university, sumedang, 45363, indonesia"
INS5607453862,"Department of Pharmaceutical Technology, Pharmacy, Faculty of Pharmacy, Padjadjaran University, Sumedang, 45363, Indonesia",,,"department of pharmaceutical technology, pharmacy, faculty of pharmacy, padjadjaran university, sumedang, 45363, indonesia"
INS0754051865,"Department of Pharmacology Clinical Pharmacy, Faculty of Pharmacy, Bhakti Kencana University, Bandung, 40614, Indonesia",,,"department of pharmacology clinical pharmacy, faculty of pharmacy, bhakti kencana university, bandung, 40614, indonesia"
INS3935934097,"Study Program of Biology, Faculty of Health and Science, Universitas Dhyana Pura, Badung, Indonesia",,,"study program of biology, faculty of health and science, universitas dhyana pura, badung, indonesia"
INS3583447091,"Dengue Study Group, Institute of Tropical Disease, Universitas Airlangga, Surabaya, Indonesia",,,"dengue study group, institute of tropical disease, universitas airlangga, surabaya, indonesia"
INS8075778700,"Department of Biology, Faculty of Science and Technology, Universitas Airlangga, Surabaya, Indonesia",,,"department of biology, faculty of science and technology, universitas airlangga, surabaya, indonesia"
INS5849196229,"Center for Biomedical Research, Research Organization for Health, National Research and Innovation Agency (BRIN), Bogor, Indonesia",,,"center for biomedical research, research organization for health, national research and innovation agency (brin), bogor, indonesia"
INS7519169289,"Research Center for Veterinary Science, Research Organization for Health, National Research and Innovation Agency (BRIN), Bogor, Indonesia",,,"research center for veterinary science, research organization for health, national research and innovation agency (brin), bogor, indonesia"
INS5807349496,"Doctoral in Biotechnology Study Program, Graduate School of Universitas Gadjah Mada, Barek, Jl. Teknika Utara, Kocoran, Caturtunggal, Kec. Depok, Kabupaten Sleman, Daerah Istimewa, Yogyakarta, 55281, Indonesia",,,"doctoral in biotechnology study program, graduate school of universitas gadjah mada, barek, jl. teknika utara, kocoran, caturtunggal, kec. depok, kabupaten sleman, daerah istimewa, yogyakarta, 55281, indonesia"
INS7157768517,"Organization and Human Resource Bureau, National Research and Innovation Agency, Gedung BJ Habibie, Jl. M.H. Thamrin No.8, RW.1, Kb. Sirih, Kec. Menteng, Kota Jakarta Pusat, Jakarta, 10340, Indonesia",,,"organization and human resource bureau, national research and innovation agency, gedung bj habibie, jl. m.h. thamrin no.8, rw.1, kb. sirih, kec. menteng, kota jakarta pusat, jakarta, 10340, indonesia"
INS4784864344,"Department of Histology and Cell Biology, Faculty of Medicine, Public Health, and Nursing, Universitas Gadjah Mada, Jl. Sekip Utara, Senolowo, Sinduadi, Mlati, Sleman, Yogyakarta, 55281, Indonesia",,,"department of histology and cell biology, faculty of medicine, public health, and nursing, universitas gadjah mada, jl. sekip utara, senolowo, sinduadi, mlati, sleman, yogyakarta, 55281, indonesia"
INS9497640485,"Research Center for Biotechnology, Universitas Gadjah Mada, Jl. Teknika Utara, Kocoran, Caturtunggal, Kec. Depok, Kabupaten Sleman, Yogyakarta, 55281, Indonesia",,,"research center for biotechnology, universitas gadjah mada, jl. teknika utara, kocoran, caturtunggal, kec. depok, kabupaten sleman, yogyakarta, 55281, indonesia"
INS2787986064,"Department of Pharmacology and Clinical Pharmacy, Faculty of Pharmacy, Universitas Gadjah Mada, Jl. Sekip Utara, Sinduadi, Mlati, Sleman, Yogyakarta, 55281, Indonesia",,,"department of pharmacology and clinical pharmacy, faculty of pharmacy, universitas gadjah mada, jl. sekip utara, sinduadi, mlati, sleman, yogyakarta, 55281, indonesia"
INS8423770155,"Department of Animal Phisiology, Faculty of Biology, Universitas Gadjah Mada, Jl. Sekip Utara, Sinduadi, Mlati, Sleman, Yogyakarta, 55281, Indonesia",,,"department of animal phisiology, faculty of biology, universitas gadjah mada, jl. sekip utara, sinduadi, mlati, sleman, yogyakarta, 55281, indonesia"
INS1405618136,"Department of Biochemistry, Faculty of Veterinary Medicine, Universitas Gadjah Mada, Jl. Fauna No. 2 Karangmalang, Yogyakarta, 55281, Indonesia",,,"department of biochemistry, faculty of veterinary medicine, universitas gadjah mada, jl. fauna no. 2 karangmalang, yogyakarta, 55281, indonesia"
INS5898761149,"Doctoral Program in Biomedical Sciences, Faculty of Medicine, Universitas Andalas, Padang, Indonesia",,,"doctoral program in biomedical sciences, faculty of medicine, universitas andalas, padang, indonesia"
INS2046870593,"Department of Physiology, Faculty of Medicine, Universitas Andalas, Padang, Indonesia",,,"department of physiology, faculty of medicine, universitas andalas, padang, indonesia"
INS1187479512,"Department of Plastic, Reconstructive and Aesthetic Surgery, Dr. Soetomo General Hospital, Faculty of Medicine, Airlangga University, Surabaya, Indonesia",,,"department of plastic, reconstructive and aesthetic surgery, dr. soetomo general hospital, faculty of medicine, airlangga university, surabaya, indonesia"
INS4574104054,"Department of Biochemistry, Faculty of Medicine, Universitas Andalas, Padang, Indonesia",,,"department of biochemistry, faculty of medicine, universitas andalas, padang, indonesia"
INS8202725459,"Department of Pharmaceutical Biology, Faculty of Pharmacy, Universitas Buana Perjuangan Karawang, West Java, Karawang, 41361, Indonesia",,,"department of pharmaceutical biology, faculty of pharmacy, universitas buana perjuangan karawang, west java, karawang, 41361, indonesia"
INS4093592751,"Department of Pharmacy, Faculty of Mathematics and Natural Sciences, Universitas Garut, West Java, Garut, 44151, Indonesia",,,"department of pharmacy, faculty of mathematics and natural sciences, universitas garut, west java, garut, 44151, indonesia"
INS7045634579,"Department of Pharmaceutical Technology, Faculty of Pharmacy, Universitas Buana Perjuangan Karawang, West Java, Karawang, 41361, Indonesia",,,"department of pharmaceutical technology, faculty of pharmacy, universitas buana perjuangan karawang, west java, karawang, 41361, indonesia"
INS5072661026,"Diploma Program of Pharmacy, Karsa Husada Garut College of Health Sciences, West Java, Garut, 44151, Indonesia",,,"diploma program of pharmacy, karsa husada garut college of health sciences, west java, garut, 44151, indonesia"
INS0255073981,"Department of Pharmacology and Clinical Pharmacy, Faculty of Pharmacy, Universitas Buana Perjuangan Karawang, West Java, Karawang, 41361, Indonesia",,,"department of pharmacology and clinical pharmacy, faculty of pharmacy, universitas buana perjuangan karawang, west java, karawang, 41361, indonesia"
INS9204041478,"Faculty of Pharmacy, Universitas Buana Perjuangan Karawang, West Java, Karawang, 41361, Indonesia",,,"faculty of pharmacy, universitas buana perjuangan karawang, west java, karawang, 41361, indonesia"
INS1752630565,"Program in Environmental Science, Graduate School, Universitas Gadjah Mada, Yogyakarta, Indonesia",,,"program in environmental science, graduate school, universitas gadjah mada, yogyakarta, indonesia"
INS4094964229,"Department of Energy Systems Engineering, Faculty of Industrial Technology and Energy, Institut Teknologi Yogyakarta, Yogyakarta, Indonesia",,,"department of energy systems engineering, faculty of industrial technology and energy, institut teknologi yogyakarta, yogyakarta, indonesia"
INS4522599479,"Faculty of Biology, Universitas Gadjah Mada, Yogyakarta, Indonesia",,,"faculty of biology, universitas gadjah mada, yogyakarta, indonesia"
INS1920089753,"Department of Geographic Information Science, Faculty of Geography, Universitas Gadjah Mada, Yogyakarta, Indonesia",,,"department of geographic information science, faculty of geography, universitas gadjah mada, yogyakarta, indonesia"
INS6925699637,"Department of Civil and Environmental Engineering, Universitas Gadjah Mada, Jl.Grafika 2, Yogyakarta, 55281, Indonesia",,,"department of civil and environmental engineering, universitas gadjah mada, jl.grafika 2, yogyakarta, 55281, indonesia"
INS8912256193,"Center of Excellence of Microalgae Biorefinery, Universitas Gadjah Mada, Jl. Bhinneka Tunggal Ika, Sendowo, Sleman, Yogyakarta, 55281, Indonesia",,,"center of excellence of microalgae biorefinery, universitas gadjah mada, jl. bhinneka tunggal ika, sendowo, sleman, yogyakarta, 55281, indonesia"
INS3758840096,"Department of Chemical Engineering, Faculty of Engineering, Universitas Gadjah Mada, Yogyakarta, Indonesia",,,"department of chemical engineering, faculty of engineering, universitas gadjah mada, yogyakarta, indonesia"
INS9459011186,"Department of Chemical Engineering, Faculty of Engineering Technology, Parahyangan Catholic University, Bandung, Indonesia",,,"department of chemical engineering, faculty of engineering technology, parahyangan catholic university, bandung, indonesia"
INS4883323505,"Study Center for Product Development and Advanced Materials, Parahyangan Catholic University, Bandung, Indonesia",,,"study center for product development and advanced materials, parahyangan catholic university, bandung, indonesia"
INS1344977870,"Study Center for Renewable Energy Conversion, Parahyangan Catholic University, Bandung, Indonesia",,,"study center for renewable energy conversion, parahyangan catholic university, bandung, indonesia"
INS6564250912,"Research Center for Mining Technology, National Research and Innovation Agency, Tanjung Bintang, Indonesia",,,"research center for mining technology, national research and innovation agency, tanjung bintang, indonesia"
