publication_id,author_id,author_order
PUB000001,60354244200,1
PUB000001,60354958100,2
PUB000001,42961697600,3
PUB000001,56907002800,4
PUB000001,57218591344,5
PUB000002,60353840200,1
PUB000002,57219242546,2
PUB000002,60353840300,3
PUB000002,59485159200,4
PUB000002,57195963066,5
PUB000003,57200204789,1
PUB000003,37116204100,2
PUB000003,56075735500,3
PUB000003,57194183016,4
PUB000003,59768563300,5
PUB000003,59219811700,6
PUB000003,57204844729,7
PUB000003,60423694800,8
PUB000004,60354099100,1
PUB000004,6506701535,2
PUB000004,26968179100,3
PUB000004,57195310832,4
PUB000004,6507529788,5
PUB000004,57211905299,6
PUB000005,55613532100,1
PUB000005,58835546300,2
PUB000005,60278177300,3
PUB000005,60278177400,4
PUB000005,57201501881,5
PUB000005,59669668100,6
PUB000005,58760837600,7
PUB000005,60277273200,8
PUB000005,23467371600,9
PUB000005,14021131100,10
PUB000006,6701505999,1
PUB000006,35183934100,2
PUB000006,35184090300,3
PUB000006,58108156800,4
PUB000006,56816839700,5
PUB000007,57203061097,1
PUB000007,56433461600,2
PUB000007,57205972690,3
PUB000007,56764427700,4
PUB000008,57190936747,1
PUB000008,57196435580,2
PUB000008,35798840400,3
PUB000008,59921866600,4
PUB000008,35107944600,5
PUB000008,36631467200,6
PUB000009,57202611483,1
PUB000009,56644798700,2
PUB000009,60339578700,3
PUB000009,57223020747,4
PUB000009,60338658600,5
PUB000009,57212110984,6
PUB000010,57195484889,1
PUB000010,57188870118,2
PUB000010,54389092500,3
PUB000010,60014758700,4
PUB000010,6507392012,5
PUB000011,57217091990,1
PUB000011,58022465000,2
PUB000011,57118056900,3
PUB000011,55184030800,4
PUB000011,57199705189,5
PUB000011,8644527700,6
PUB000011,35779044700,7
PUB000011,55531781200,8
PUB000011,6505648987,9
PUB000011,8928730200,10
PUB000012,57210124832,1
PUB000012,57203882856,2
PUB000012,57210113522,3
PUB000012,57201670892,4
PUB000012,57195959487,5
PUB000012,6508385254,6
PUB000012,57204107318,7
PUB000012,60354390500,8
PUB000012,57219569478,9
PUB000012,57190003403,10
PUB000012,60354530600,11
PUB000012,57208267190,12
PUB000013,60354690800,1
PUB000013,57194415817,2
PUB000013,57210472813,3
PUB000013,57376508200,4
PUB000013,57244597800,5
PUB000013,60354541800,6
PUB000013,23004953700,7
PUB000014,58729490300,1
PUB000014,57194016573,2
PUB000014,60354403900,3
PUB000014,57226837559,4
PUB000015,57207964539,1
PUB000015,60337375200,2
PUB000015,56178602500,3
PUB000015,59226608200,4
PUB000015,57216617489,5
PUB000015,57203926483,6
PUB000015,57214433080,7
PUB000015,7801678355,8
PUB000015,57198889332,9
PUB000015,57204050770,10
PUB000016,57194594627,1
PUB000016,8645842300,2
PUB000016,55214959300,3
PUB000016,57216707224,4
PUB000016,23029631500,5
PUB000016,56740891400,6
PUB000017,60354541900,1
PUB000017,55982069700,2
PUB000017,57211324150,3
PUB000017,55923170400,4
PUB000018,58037958800,1
PUB000018,57215011478,2
PUB000018,57218654148,3
PUB000018,57195127612,4
PUB000018,60354586500,5
PUB000018,60354690500,6
PUB000018,60353972900,7
PUB000018,60354112000,8
PUB000018,57202206655,9
PUB000018,60354690600,10
PUB000018,60354255600,11
PUB000018,60354255700,12
PUB000018,60354825200,13
PUB000018,60354825300,14
PUB000019,59304395100,1
PUB000019,56082393700,2
PUB000019,57188870923,3
PUB000019,57304745400,4
PUB000019,57024917800,5
PUB000020,60338062700,1
PUB000020,35436103200,2
PUB000020,57189732467,3
PUB000020,57164760800,4
PUB000020,36351170700,5
PUB000020,57192950078,6
