publication_id,institution_id
PUB000001,INS6107492470
PUB000001,INS7356707519
PUB000001,INS4953790712
PUB000001,INS3317088930
PUB000001,INS3126152478
PUB000001,INS8340345914
PUB000002,INS0551098962
PUB000002,INS6047385390
PUB000002,INS1447639651
PUB000002,INS6058114228
PUB000002,INS9894813675
PUB000003,INS6859927444
PUB000003,INS2430520274
PUB000003,INS6370085033
PUB000003,INS1365052605
PUB000003,INS6249134914
PUB000003,INS0249698475
PUB000004,INS0766708240
PUB000004,INS9383251884
PUB000004,INS7679022966
PUB000004,INS2186890339
PUB000004,INS4944157617
PUB000004,INS4712846214
PUB000005,INS5985818190
PUB000005,INS3837774734
PUB000005,INS6312937257
PUB000005,INS2544959677
PUB000005,INS8019465554
PUB000006,INS7710515149
PUB000006,INS3905383004
PUB000006,INS7642274133
PUB000006,INS0632089200
PUB000007,INS7391017534
PUB000007,INS7478702269
PUB000007,INS7211718656
PUB000007,INS1127516439
PUB000008,INS7543783501
PUB000008,INS5833723997
PUB000008,INS7043097569
PUB000008,INS2516062775
PUB000008,INS9993243856
PUB000008,INS6710069891
PUB000009,INS0417228746
PUB000009,INS4014442661
PUB000009,INS6965637433
PUB000009,INS0402039504
PUB000009,INS7856996584
PUB000010,INS3140338328
PUB000010,INS7052317846
PUB000010,INS7525813793
PUB000010,INS8955853182
PUB000011,INS7035172270
PUB000011,INS8960983022
PUB000011,INS2609930201
PUB000011,INS5049777235
PUB000012,INS7331697169
PUB000012,INS7363936052
PUB000012,INS5656277595
PUB000012,INS4122896599
PUB000012,INS4597009575
PUB000012,INS1525048610
PUB000012,INS5555056135
PUB000012,INS3794267817
PUB000012,INS2717192800
PUB000013,INS4856364291
PUB000013,INS1029726900
PUB000013,INS0523518469
PUB000013,INS5961311626
PUB000014,INS7730127676
PUB000014,INS6361741152
PUB000014,INS0869046499
PUB000014,INS5674946088
PUB000014,INS5607453862
PUB000014,INS0754051865
PUB000015,INS3935934097
PUB000015,INS3583447091
PUB000015,INS8075778700
PUB000015,INS5849196229
PUB000015,INS7519169289
PUB000016,INS5807349496
PUB000016,INS7157768517
PUB000016,INS4784864344
PUB000016,INS9497640485
PUB000016,INS2787986064
PUB000016,INS8423770155
PUB000016,INS1405618136
PUB000017,INS5898761149
PUB000017,INS2046870593
PUB000017,INS1187479512
PUB000017,INS4574104054
PUB000018,INS8202725459
PUB000018,INS4093592751
PUB000018,INS7045634579
PUB000018,INS5072661026
PUB000018,INS0255073981
PUB000018,INS9204041478
PUB000019,INS1752630565
PUB000019,INS4094964229
PUB000019,INS4522599479
PUB000019,INS1920089753
PUB000019,INS6925699637
PUB000019,INS8912256193
PUB000019,INS3758840096
PUB000020,INS9459011186
PUB000020,INS4883323505
PUB000020,INS1344977870
PUB000020,INS6564250912
PUB000020,INS3758840096
